filename,raw_url
1019_P221166006.png,https://media.githubusercontent.com/media/DhruvPatel9924/img/main/images/1019_P221166006.png
1313_P221404204.JPG,https://media.githubusercontent.com/media/DhruvPatel9924/img/main/images/1313_P221404204.JPG
1569_P190101038.JPG,https://media.githubusercontent.com/media/DhruvPatel9924/img/main/images/1569_P190101038.JPG
1575_P211401244.png,https://media.githubusercontent.com/media/DhruvPatel9924/img/main/images/1575_P211401244.png
1606_P221404392.JPG,https://media.githubusercontent.com/media/DhruvPatel9924/img/main/images/1606_P221404392.JPG
1609_P221404398.JPG,https://media.githubusercontent.com/media/DhruvPatel9924/img/main/images/1609_P221404398.JPG
1907_P221404328.JPG,https://media.githubusercontent.com/media/DhruvPatel9924/img/main/images/1907_P221404328.JPG
2049_P231057031.png,https://media.githubusercontent.com/media/DhruvPatel9924/img/main/images/2049_P231057031.png
2061_P221404288.JPG,https://media.githubusercontent.com/media/DhruvPatel9924/img/main/images/2061_P221404288.JPG
2146_P231139102.png,https://media.githubusercontent.com/media/DhruvPatel9924/img/main/images/2146_P231139102.png
2369_P190101306.jpeg,https://media.githubusercontent.com/media/DhruvPatel9924/img/main/images/2369_P190101306.jpeg
2543_P221404330.JPG,https://media.githubusercontent.com/media/DhruvPatel9924/img/main/images/2543_P221404330.JPG
2670_P190614020.JPG,https://media.githubusercontent.com/media/DhruvPatel9924/img/main/images/2670_P190614020.JPG
2686_P221404248.JPG,https://media.githubusercontent.com/media/DhruvPatel9924/img/main/images/2686_P221404248.JPG
2918_P221404428.JPG,https://media.githubusercontent.com/media/DhruvPatel9924/img/main/images/2918_P221404428.JPG
2993_P226213145.jpeg,https://media.githubusercontent.com/media/DhruvPatel9924/img/main/images/2993_P226213145.jpeg
3056_P231116004.png,https://media.githubusercontent.com/media/DhruvPatel9924/img/main/images/3056_P231116004.png
3390_P211401178.png,https://media.githubusercontent.com/media/DhruvPatel9924/img/main/images/3390_P211401178.png
3489_P221404144.JPG,https://media.githubusercontent.com/media/DhruvPatel9924/img/main/images/3489_P221404144.JPG
3603_P211107066.png,https://media.githubusercontent.com/media/DhruvPatel9924/img/main/images/3603_P211107066.png
3687_P211401284.png,https://media.githubusercontent.com/media/DhruvPatel9924/img/main/images/3687_P211401284.png
3703_P221404362.JPG,https://media.githubusercontent.com/media/DhruvPatel9924/img/main/images/3703_P221404362.JPG
3868_P221404368.JPG,https://media.githubusercontent.com/media/DhruvPatel9924/img/main/images/3868_P221404368.JPG
4088_P221404316.JPG,https://media.githubusercontent.com/media/DhruvPatel9924/img/main/images/4088_P221404316.JPG
4108_P221404074.JPG,https://media.githubusercontent.com/media/DhruvPatel9924/img/main/images/4108_P221404074.JPG
4189_P221404322.JPG,https://media.githubusercontent.com/media/DhruvPatel9924/img/main/images/4189_P221404322.JPG
4305_P233101020.png,https://media.githubusercontent.com/media/DhruvPatel9924/img/main/images/4305_P233101020.png
4716_P221404054.JPG,https://media.githubusercontent.com/media/DhruvPatel9924/img/main/images/4716_P221404054.JPG
4748_P221404400.JPG,https://media.githubusercontent.com/media/DhruvPatel9924/img/main/images/4748_P221404400.JPG
5001_P221404128.JPG,https://media.githubusercontent.com/media/DhruvPatel9924/img/main/images/5001_P221404128.JPG
5077_P211136050.png,https://media.githubusercontent.com/media/DhruvPatel9924/img/main/images/5077_P211136050.png
5101_P203701144.png,https://media.githubusercontent.com/media/DhruvPatel9924/img/main/images/5101_P203701144.png
5313_P221404258.JPG,https://media.githubusercontent.com/media/DhruvPatel9924/img/main/images/5313_P221404258.JPG
5372_P221166012.png,https://media.githubusercontent.com/media/DhruvPatel9924/img/main/images/5372_P221166012.png
5447_P211122044.png,https://media.githubusercontent.com/media/DhruvPatel9924/img/main/images/5447_P211122044.png
5541_P235001007.JPG,https://media.githubusercontent.com/media/DhruvPatel9924/img/main/images/5541_P235001007.JPG
5579_P230174005.png,https://media.githubusercontent.com/media/DhruvPatel9924/img/main/images/5579_P230174005.png
5586_P221404266.JPG,https://media.githubusercontent.com/media/DhruvPatel9924/img/main/images/5586_P221404266.JPG
5625_P201401454.png,https://media.githubusercontent.com/media/DhruvPatel9924/img/main/images/5625_P201401454.png
5647_P231057033.JPG,https://media.githubusercontent.com/media/DhruvPatel9924/img/main/images/5647_P231057033.JPG
5677_P211112002.png,https://media.githubusercontent.com/media/DhruvPatel9924/img/main/images/5677_P211112002.png
5927_P211105024.png,https://media.githubusercontent.com/media/DhruvPatel9924/img/main/images/5927_P211105024.png
6057_P221404188.JPG,https://media.githubusercontent.com/media/DhruvPatel9924/img/main/images/6057_P221404188.JPG
6086_P221404106.JPG,https://media.githubusercontent.com/media/DhruvPatel9924/img/main/images/6086_P221404106.JPG
6099_P222903018.png,https://media.githubusercontent.com/media/DhruvPatel9924/img/main/images/6099_P222903018.png
6157_P231155005.png,https://media.githubusercontent.com/media/DhruvPatel9924/img/main/images/6157_P231155005.png
6376_P211177032.png,https://media.githubusercontent.com/media/DhruvPatel9924/img/main/images/6376_P211177032.png
6427_P231155014.png,https://media.githubusercontent.com/media/DhruvPatel9924/img/main/images/6427_P231155014.png
6461_P215659002.png,https://media.githubusercontent.com/media/DhruvPatel9924/img/main/images/6461_P215659002.png
6558_P221404210.JPG,https://media.githubusercontent.com/media/DhruvPatel9924/img/main/images/6558_P221404210.JPG
6653_P221404272.JPG,https://media.githubusercontent.com/media/DhruvPatel9924/img/main/images/6653_P221404272.JPG
6680_P221404192.JPG,https://media.githubusercontent.com/media/DhruvPatel9924/img/main/images/6680_P221404192.JPG
7022_P221404034.JPG,https://media.githubusercontent.com/media/DhruvPatel9924/img/main/images/7022_P221404034.JPG
7027_P221404196.JPG,https://media.githubusercontent.com/media/DhruvPatel9924/img/main/images/7027_P221404196.JPG
7057_P211104022.png,https://media.githubusercontent.com/media/DhruvPatel9924/img/main/images/7057_P211104022.png
7111_P215310106.png,https://media.githubusercontent.com/media/DhruvPatel9924/img/main/images/7111_P215310106.png
7397_P215636016.png,https://media.githubusercontent.com/media/DhruvPatel9924/img/main/images/7397_P215636016.png
7789_P221404294.JPG,https://media.githubusercontent.com/media/DhruvPatel9924/img/main/images/7789_P221404294.JPG
7811_P221404116.JPG,https://media.githubusercontent.com/media/DhruvPatel9924/img/main/images/7811_P221404116.JPG
7843_P211401306.png,https://media.githubusercontent.com/media/DhruvPatel9924/img/main/images/7843_P211401306.png
7897_P215890110.jpeg,https://media.githubusercontent.com/media/DhruvPatel9924/img/main/images/7897_P215890110.jpeg
8172_P211401370.png,https://media.githubusercontent.com/media/DhruvPatel9924/img/main/images/8172_P211401370.png
8319_P203701134.jpeg,https://media.githubusercontent.com/media/DhruvPatel9924/img/main/images/8319_P203701134.jpeg
8448_P221404126.JPG,https://media.githubusercontent.com/media/DhruvPatel9924/img/main/images/8448_P221404126.JPG
8560_P221404178.JPG,https://media.githubusercontent.com/media/DhruvPatel9924/img/main/images/8560_P221404178.JPG
8651_P221404180.JPG,https://media.githubusercontent.com/media/DhruvPatel9924/img/main/images/8651_P221404180.JPG
8728_P219000052.JPG,https://media.githubusercontent.com/media/DhruvPatel9924/img/main/images/8728_P219000052.JPG
8900_P221404280.JPG,https://media.githubusercontent.com/media/DhruvPatel9924/img/main/images/8900_P221404280.JPG
9012_P221404094.JPG,https://media.githubusercontent.com/media/DhruvPatel9924/img/main/images/9012_P221404094.JPG
9040_P190101028.jpeg,https://media.githubusercontent.com/media/DhruvPatel9924/img/main/images/9040_P190101028.jpeg
9119_P221404208.JPG,https://media.githubusercontent.com/media/DhruvPatel9924/img/main/images/9119_P221404208.JPG
9341_P221404044.JPG,https://media.githubusercontent.com/media/DhruvPatel9924/img/main/images/9341_P221404044.JPG
9363_P221404132.JPG,https://media.githubusercontent.com/media/DhruvPatel9924/img/main/images/9363_P221404132.JPG
9373_P221404320.JPG,https://media.githubusercontent.com/media/DhruvPatel9924/img/main/images/9373_P221404320.JPG
9449_P231406015.JPG,https://media.githubusercontent.com/media/DhruvPatel9924/img/main/images/9449_P231406015.JPG
9742_P211178062.jpeg,https://media.githubusercontent.com/media/DhruvPatel9924/img/main/images/9742_P211178062.jpeg
9828_P222621306.jpeg,https://media.githubusercontent.com/media/DhruvPatel9924/img/main/images/9828_P222621306.jpeg
9862_P221404098.JPG,https://media.githubusercontent.com/media/DhruvPatel9924/img/main/images/9862_P221404098.JPG
